{"cameraMode":{"drawMode":0,"name":"Shaded","section":"Shading Mode"},"sceneLighting":false,"audioPlay":false,"sceneViewState":{"m_AlwaysRefresh":false,"showFog":true,"showSkybox":false,"showFlares":true,"showImageEffects":true,"showParticleSystems":true,"showVisualEffectGraphs":true,"m_FxEnabled":true},"in2DMode":false,"pivot":{"x":-0.12504494190216065,"y":0.0722033679485321,"z":0.09501338005065918},"rotation":{"x":-0.0872335284948349,"y":0.8763008713722229,"z":-0.1733599752187729,"w":-0.4409487843513489},"size":0.5744562745094299,"orthographic":false}